num_edges,vertex_cover,cover_size,time_taken
10,"[(1, 4, 5, 7), (1, 5, 7, 8)]",4,0.000252247
20,"[(1, 5, 6, 7, 9, 10), (3, 5, 6, 7, 9, 10)]",6,0.000787735
30,"[(1, 2, 3, 4, 6, 8, 9), (1, 2, 3, 5, 6, 8, 9), (2, 3, 4, 5, 7, 8, 10)]",7,0.001092196
40,"[(1, 2, 3, 4, 5, 6, 8, 10), (1, 2, 3, 4, 6, 7, 8, 9), (1, 2, 3, 4, 6, 7, 9, 10), (1, 2, 3, 5, 7, 8, 9, 10), (2, 3, 4, 5, 7, 8, 9, 10)]",8,0.002079725
